month,SORA_Publication_Date,SORA,SORA_Index,Compound_SORA_1M,Compound_SORA_3M,Compound_SORA_6M
2017-01-01,2017-01-04,0.2354,0.9689525822,0.2527,0.1478,0.14
2017-02-01,2017-02-01,0.1388,0.9690707043,0.1808,0.1688,0.1248
2017-03-01,2017-03-01,0.4731,0.9693173018,0.3317,0.2413,0.163
2017-04-01,2017-04-03,0.5687,0.969568406,0.2899,0.2604,0.2025
2017-05-01,2017-05-02,0.4526,0.9699051458,0.4415,0.3518,0.2591
2017-06-01,2017-06-01,0.4503,0.9702990658,0.4928,0.4018,0.3226
2017-07-01,2017-07-03,0.8239,0.9707613975,0.5486,0.4935,0.3778
2017-08-01,2017-08-01,0.986,0.9713583017,0.7772,0.5993,0.476
2017-09-01,2017-09-04,0.5189,0.9720099594,0.7116,0.6832,0.5475
2017-10-01,2017-10-02,0.5979,0.9724633554,0.6021,0.7045,0.5986
2017-11-01,2017-11-01,1.0968,0.9731667327,0.8709,0.7386,0.6695
2017-12-01,2017-12-01,1.2592,0.9737335842,0.7087,0.7284,0.706
2018-01-01,2018-01-02,0.8605,0.9745336386,0.9283,0.8446,0.7753
2018-02-01,2018-02-01,0.8294,0.9748270534,0.3823,0.6769,0.7084
2018-03-01,2018-03-01,0.5943,0.9755850787,1.0137,0.7711,0.7503
2018-04-01,2018-04-02,0.7834,0.976164319,0.6871,0.6786,0.7632
2018-05-01,2018-05-02,1.4725,0.9767749113,0.761,0.8108,0.7419
2018-06-01,2018-06-01,1.1205,0.9776203658,1.0667,0.8277,0.8005
2018-07-01,2018-07-02,1.3426,0.9783713209,0.9014,0.9068,0.7941
2018-08-01,2018-08-01,1.7311,0.9793547053,1.2268,1.0639,0.9366
2018-09-01,2018-09-03,1.0628,0.9805626168,1.3398,1.1723,1.0069
2018-10-01,2018-10-01,1.1084,0.9813384753,1.0336,1.2178,1.0615
2018-11-01,2018-11-01,1.4498,0.9823463957,1.2093,1.2119,1.1395
2018-12-01,2018-12-03,1.9655,0.9836733415,1.5403,1.2724,1.224
2019-01-01,2019-01-02,1.7645,0.9849914387,1.6412,1.4639,1.3423
2019-02-01,2019-02-01,1.8978,0.9861730591,1.4694,1.5455,1.3811
2019-03-01,2019-03-01,1.6556,0.9874341709,1.667,1.5944,1.425
2019-04-01,2019-04-01,2.2358,0.9886895932,1.497,1.5423,1.5023
2019-05-01,2019-05-02,2.0791,0.9901249499,1.7147,1.6249,1.5883
2019-06-01,2019-06-03,1.8757,0.9917250005,1.8399,1.6846,1.6416
2019-07-01,2019-07-01,1.673,0.992916981,1.5875,1.715,1.6324
2019-08-01,2019-08-01,1.9413,0.9942367348,1.565,1.6703,1.6489
2019-09-01,2019-09-02,1.7441,0.9956420144,1.6095,1.5875,1.639
2019-10-01,2019-10-01,1.7204,0.9967406646,1.4007,1.5278,1.6242
2019-11-01,2019-11-01,1.6432,0.997887202,1.3544,1.4567,1.5665
2019-12-01,2019-12-02,1.6264,0.9988941965,1.1831,1.3102,1.4522
2020-01-01,2020-01-02,1.3562,0.9999539391,1.2491,1.2636,1.3974
2020-02-01,2020-02-03,1.6492,1.0009845796,1.1593,1.2023,1.3277
2020-03-01,2020-03-02,1.2581,1.001734274,0.9996,1.1404,1.2271
2020-04-01,2020-04-01,0.267,1.002112716,0.4854,0.8809,1.075
2020-05-01,2020-05-04,0.0879,1.0023429891,0.2548,0.534,0.8733
2020-06-01,2020-06-01,0.1246,1.002383251,0.0558,0.2707,0.7056
2020-07-01,2020-07-01,0.1647,1.0024652903,0.0996,0.1411,0.5111
2020-08-01,2020-08-03,0.1015,1.002545482,0.0888,0.0811,0.3127
2020-09-01,2020-09-01,0.2128,1.0026320009,0.1082,0.0985,0.1846
2020-10-01,2020-10-01,0.0786,1.0027148847,0.1006,0.0988,0.1199
2020-11-01,2020-11-02,0.3057,1.0028376733,0.1427,0.1167,0.0989
2020-12-01,2020-12-01,0.1849,1.0029218984,0.1124,0.116,0.1072
2021-01-01,2021-01-04,0.938,1.0031400834,0.2401,0.1661,0.1321
2021-02-01,2021-02-01,0.237,1.003257512,0.2286,0.1694,0.142
2021-03-01,2021-03-01,0.2626,1.0034154247,0.2052,0.1996,0.1576
2021-04-01,2021-04-01,0.2315,1.0036108553,0.2293,0.2216,0.1792
2021-05-01,2021-05-03,0.2504,1.0037227594,0.1294,0.1862,0.1772
2021-06-01,2021-06-01,0.1514,1.0038400747,0.1538,0.1679,0.1836
2021-07-01,2021-07-01,0.0665,1.0039427573,0.1245,0.1326,0.1769
2021-08-01,2021-08-02,0.2749,1.0040501267,0.124,0.1321,0.1582
2021-09-01,2021-09-01,0.2215,1.0041689245,0.1482,0.13,0.149
2021-10-01,2021-10-01,0.0665,1.0042732586,0.1264,0.1306,0.1316
2021-11-01,2021-11-01,0.2229,1.0044362024,0.191,0.1555,0.1437
2021-12-01,2021-12-01,0.1128,1.0045642054,0.155,0.1579,0.1439
2022-01-01,2022-01-03,0.3065,1.0047693955,0.2331,0.1943,0.1624
2022-02-01,2022-02-03,0.4113,1.0049680329,0.2328,0.2065,0.1801
2022-03-01,2022-03-01,0.3278,1.0051844689,0.3101,0.2504,0.2039
2022-04-01,2022-04-01,0.6085,1.0054362508,0.2949,0.276,0.2322
2022-05-01,2022-05-04,0.6764,1.0057673459,0.3588,0.3227,0.2648
2022-06-01,2022-06-01,0.7187,1.0065179984,0.9443,0.5263,0.3901
2022-07-01,2022-07-01,1.6562,1.0073714477,1.0316,0.772,0.5256
2022-08-01,2022-08-01,2.1354,1.0089339638,1.8263,1.2712,0.8004
2022-09-01,2022-09-01,2.3098,1.0105687889,1.9078,1.5967,1.0626
2022-10-01,2022-10-03,4.3916,1.0127011584,2.4279,2.0655,1.4366
2022-11-01,2022-11-01,2.8521,1.0151931526,3.1813,2.4613,1.8702
2022-12-01,2022-12-01,3.9119,1.0179365922,3.2879,2.9243,2.2627
2023-01-01,2023-01-03,2.5293,1.0204339544,2.6321,3.0294,2.5553
2023-02-01,2023-02-01,3.8693,1.0232327449,3.393,3.1419,2.8113
2023-03-01,2023-03-01,3.4497,1.026020199,3.5511,3.2206,3.0833
2023-04-01,2023-04-03,3.5843,1.0294353232,3.6883,3.5775,3.3139
2023-05-01,2023-05-02,3.785,1.0323298816,3.5408,3.6057,3.3894
2023-06-01,2023-06-01,3.7241,1.0353925886,3.6156,3.6241,3.4391
2023-07-01,2023-07-03,4.0005,1.0388157987,3.7717,3.6549,3.6326
2023-08-01,2023-08-01,3.5504,1.0417838907,3.6229,3.6748,3.656
2023-09-01,2023-09-04,3.7781,1.0453614799,3.7084,3.6964,3.68
2023-10-01,2023-10-02,3.8245,1.0483934891,3.7814,3.7017,3.6931
2023-11-01,2023-11-01,3.6904,1.0516380601,3.7676,3.7527,3.7312
2023-12-01,2023-12-01,3.6592,1.0547979829,3.6558,3.7464,3.7382
2024-01-01,2024-01-02,3.6235,1.0581755389,3.651,3.7018,3.719
2024-02-01,2024-02-01,3.4844,1.0613258714,3.6225,3.6548,3.7211
2024-03-01,2024-03-01,3.7464,1.0643933628,3.6377,3.6488,3.7146
2024-04-01,2024-04-01,3.6851,1.0677857526,3.7526,3.6829,3.7106
2024-05-01,2024-05-02,3.5066,1.0709762633,3.5117,3.6491,3.6674
2024-06-01,2024-06-03,3.5222,1.0744341614,3.6836,3.6597,3.6721
2024-07-01,2024-07-01,3.4325,1.0774589526,3.6607,3.6336,3.6749
2024-08-01,2024-08-01,3.4336,1.0806932041,3.5343,3.6381,3.6597
2024-09-01,2024-09-02,3.5355,1.0839960812,3.484,3.5694,3.6324
2024-10-01,2024-10-01,3.8808,1.0869456609,3.4287,3.4932,3.5789
2024-11-01,2024-11-01,3.1559,1.0898916291,3.1912,3.3769,3.523
2024-12-01,2024-12-02,3.0839,1.0926840934,3.0093,3.2147,3.4074
2025-01-01,2025-01-02,2.1123,1.0953714986,2.8958,3.0346,3.279
2025-02-01,2025-02-03,2.6325,1.0980508702,2.7985,2.8993,3.1468
2025-03-01,2025-03-03,2.4846,1.1001261688,2.4637,2.7291,2.9814
2025-04-01,2025-04-01,2.1392,1.1021970696,2.377,2.5507,2.814
2025-05-01,2025-05-02,2.1673,1.1042863918,2.2393,2.3587,2.6453
2025-06-01,2025-06-02,2.1001,1.106343271,2.1931,2.2692,2.507
2025-07-01,2025-07-01,1.5598,1.1078395102,1.7155,2.0533,2.3072
2025-08-01,2025-08-01,1.7516,1.1093559388,1.6117,1.845,2.1056
2025-09-01,2025-09-01,1.0396,1.1106401343,1.363,1.5638,1.9231
2025-10-01,2025-10-01,1.199,1.1118972549,1.3771,1.4532,1.7553
